"id","email","password","phones","displayname","firstname","lastname","datebirth","gender","address","user_img","created_at","last_login"
1,cjaxon0@census.gov,UPJJ69m,+353 675 933 2809,Emlyn,Carlynne,Jaxon,1994-12-26,FEMALE,"1646 Esker Junction",http://dummyimage.com/300x.png/cc0000/ffffff,2021-11-05,2022-09-01
2,fscogings1@tinypic.com,MB4HvXZAWY5,"","","","",1990-01-01,"","","",2020-11-18,2022-09-27
3,nenrietto2@webs.com,ArB8uh,+256 877 389 8985,Kesley,Nertie,Enrietto,1994-03-30,FEMALE,"8287 Sommers Park",http://dummyimage.com/300x.png/dddddd/000000,2020-11-01,2022-09-27
4,vsugar3@msu.edu,KMIhOuOXcFe,+505 408 654 7384,Shalne,Vonny,Sugar,1993-02-12,FEMALE,"24 Forest Run Road",http://dummyimage.com/300x.png/5fa2dd/ffffff,2020-07-04,2022-11-06
5,smcentagart4@addtoany.com,B9kYfBgZtV,+86 330 296 6433,Winna,Sheree,McEntagart,1999-10-20,FEMALE,"96 Sutherland Terrace",http://dummyimage.com/300x.png/cc0000/ffffff,2022-12-27,2022-06-25
6,dmoultrie5@cpanel.net,OtTU6KbOfW,"","","","",1990-01-01,"","","",2022-06-14,2022-03-03
7,abarthot6@wordpress.org,eR5U5LE87,+95 257 530 8409,Kalina,Alfreda,Barthot,1990-10-31,FEMALE,"3 Pine View Junction",http://dummyimage.com/300x.png/dddddd/000000,2021-11-03,2022-10-23
8,kcasassa7@feedburner.com,"9sDXCG9Oo",+93 457 128 7696,Gerick,Kyle,Casassa,2000-09-25,MALE,"14393 Stoughton Parkway",http://dummyimage.com/300x.png/5fa2dd/ffffff,2022-03-01,2022-12-14
9,nmclarnon8@bloglines.com,wkUgf6aHeAe,+370 635 512 7474,Opaline,Nessie,McLarnon,1997-08-27,FEMALE,"892 Springview Alley",http://dummyimage.com/300x.png/ff4444/ffffff,2021-05-16,2022-06-19
10,wmaccrae9@marriott.com,"6vsioJytUB",+52 559 859 8708,Allyn,Willow,Maccrae,2000-03-27,FEMALE,"53 Mallory Point",http://dummyimage.com/300x.png/5fa2dd/ffffff,2022-01-21,2022-08-11
11,abatalinia@github.com,"4gyveK2EIsC",+62 440 413 1583,Celie,Annabella,Batalini,1998-08-31,FEMALE,"939 Ronald Regan Alley",http://dummyimage.com/300x.png/ff4444/ffffff,2021-10-16,2022-05-01
12,fwaldrenb@soup.io,"2BGsnT",+86 780 623 5715,Robert,Francklin,Waldren,1990-06-12,MALE,"52 Swallow Trail",http://dummyimage.com/300x.png/dddddd/000000,2020-03-16,2022-05-12
13,lbagottc@psu.edu,uHZrNsa6,+86 290 290 1598,Dareen,Loreen,Bagott,1995-08-26,FEMALE,"00 Hayes Center",http://dummyimage.com/300x.png/dddddd/000000,2021-05-31,2022-02-26
14,gshevland@mysql.com,oDJpaXvg,+387 754 679 0764,Andris,Georgy,Shevlan,1992-11-14,MALE,"958 Hanson Trail",http://dummyimage.com/300x.png/dddddd/000000,2020-11-29,2022-01-29
16,rchattellf@printfriendly.com,BBDAJH,"","","","",1990-01-01,"","","",2021-10-20,2022-09-20
17,pphelipeaug@nytimes.com,I6FZGKode,+351 868 623 9273,Cammy,Phebe,Phelipeau,1996-02-29,FEMALE,"01924 Declaration Plaza",http://dummyimage.com/300x.png/dddddd/000000,2020-07-16,2022-11-03
18,jsturgeh@weather.com,uvmHXxd,+998 754 967 5423,Oswald,Jarret,Sturge,1996-11-18,MALE,"18210 Reindahl Trail",http://dummyimage.com/300x.png/ff4444/ffffff,2021-12-25,2022-02-23
19,atranki@latimes.com,pBlIF0Xi,"","","","",1990-01-01,"","","",2021-02-18,2022-12-19
20,eciciuraj@wunderground.com,OTRcSFnrNbOc,+420 215 137 0517,Hans,Emerson,Ciciura,1990-04-19,MALE,"71 Thackeray Point",http://dummyimage.com/300x.png/ff4444/ffffff,2021-10-26,2022-10-26
21,edrydenk@cpanel.net,"5uJURh",+62 833 592 8940,Fanni,Emmalynn,Dryden,1994-09-19,FEMALE,"6401 Riverside Plaza",http://dummyimage.com/300x.png/dddddd/000000,2022-12-21,2022-03-30
22,tjeggol@com.com,aBBiruWHAJhk,+66 909 393 0499,Sadella,Tisha,Jeggo,1993-12-17,FEMALE,"1966 Westport Street",http://dummyimage.com/300x.png/ff4444/ffffff,2022-03-28,2022-01-18
23,lforteym@aol.com,"63ogXs3f1",+1 163 380 6158,Eduino,Lawrence,Fortey,1997-10-20,MALE,"578 Johnson Center",http://dummyimage.com/300x.png/ff4444/ffffff,2022-06-29,2022-06-26
25,othairso@godaddy.com,izi0MXyAw,+504 180 133 9663,Aprilette,Ollie,Thairs,1999-01-07,FEMALE,"52 Nelson Plaza",http://dummyimage.com/300x.png/dddddd/000000,2022-09-10,2022-08-31
24,phantomAssasin@gmail.com,update123,+62123123123,phantom,carry,only,1996-10-10,"",dire radiant,phantomassasins.jpg,2022-04-15,2022-10-09
26,smartFren@gmail.com,smart,+62854654640,,,,1990-01-01,,,img_profile.jpg,2022-10-11,2022-10-11
